{
  "generated_at": "2026-06-08T05:42:31.923566+00:00",
  "dataset_dir": "dataset",
  "total_samples": 350,
  "train_samples": 280,
  "test_samples": 70,
  "accuracy": 0.7285714285714285,
  "classes": [
    "dirty",
    "normal",
    "scuffed",
    "scuffed-dirty",
    "torn"
  ],
  "feature_names": [
    "contrast_mean",
    "dissimilarity_mean",
    "homogeneity_mean",
    "energy_mean",
    "correlation_mean",
    "asm_mean"
  ],
  "classification_report": {
    "dirty": {
      "precision": 0.6666666666666666,
      "recall": 0.14285714285714285,
      "f1-score": 0.23529411764705882,
      "support": 14.0
    },
    "normal": {
      "precision": 0.5,
      "recall": 0.9285714285714286,
      "f1-score": 0.65,
      "support": 14.0
    },
    "scuffed": {
      "precision": 0.8125,
      "recall": 0.9285714285714286,
      "f1-score": 0.8666666666666667,
      "support": 14.0
    },
    "scuffed-dirty": {
      "precision": 0.8666666666666667,
      "recall": 0.9285714285714286,
      "f1-score": 0.896551724137931,
      "support": 14.0
    },
    "torn": {
      "precision": 1.0,
      "recall": 0.7142857142857143,
      "f1-score": 0.8333333333333334,
      "support": 14.0
    },
    "accuracy": 0.7285714285714285,
    "macro avg": {
      "precision": 0.7691666666666667,
      "recall": 0.7285714285714286,
      "f1-score": 0.696369168356998,
      "support": 70.0
    },
    "weighted avg": {
      "precision": 0.7691666666666667,
      "recall": 0.7285714285714285,
      "f1-score": 0.696369168356998,
      "support": 70.0
    }
  },
  "confusion_matrix": [
    [
      2,
      10,
      1,
      1,
      0
    ],
    [
      0,
      13,
      1,
      0,
      0
    ],
    [
      0,
      0,
      13,
      1,
      0
    ],
    [
      0,
      0,
      1,
      13,
      0
    ],
    [
      1,
      3,
      0,
      0,
      10
    ]
  ]
}